MSE,NRMSE,RL1,RL2
0.005182950757443905,0.035996418446302414,0.08058792352676392,0.10408399254083633
0.0036718084011226892,0.03029777854681015,0.07012064009904861,0.08760631084442139
