MSE,NRMSE,RL1,RL2
0.010968958027660847,0.038944654166698456,0.06947816908359528,0.08893832564353943
0.006035591475665569,0.028888504952192307,0.05831332132220268,0.06597299128770828
